{"cameraMode":{"drawMode":0,"name":"Shaded","section":"Shading Mode"},"sceneLighting":true,"audioPlay":false,"sceneViewState":{"showFog":true,"showMaterialUpdate":false,"showSkybox":true,"showFlares":true,"showImageEffects":true,"showParticleSystems":true},"in2DMode":false,"pivot":{"x":0.11421658843755722,"y":-2.3921151161193849,"z":0.6090102195739746},"rotation":{"x":-0.6035300493240356,"y":-0.02582516521215439,"z":0.019561614841222764,"w":-0.7966964840888977},"size":4.24523401260376,"orthographic":false}